"","ASV_id","ARCOL_donor_1_tto_a","ARCOL_donor_1_tto_b","ARCOL_donor_2_tto_a","ARCOL_donor_2_tto_b","Kingdom","Phylum","Class","Order","Family","Genus","Species"
"1","ACGGAAGGCAGCAGTGGGGAATATTGCACAATGGAGGAAACTCTGATGCAGCGACGCCGCGTGAGTGAAGAAGTAATTCGTTATGTAAAGCTCTATCAGCAGGGAAGATAGTGACGGTACCTGACTAAGAAGCTCCGGCTAAATACGTGCCAGCAGCCGCGGTAATACGTATGGAGCAAGCGTTATCCGGATTTACTGGGTGTAAAGGGAGTGTAGGTGGCCATGCAAGTCAGAAGTGAAAATCCGGGGCTCAACCCCGGAACTGCTTTTGAAACTGTAAGGCTAGAGTGCAGGAGGGGTGAGTGGAATTCCTAGTGTAGCGGTGAAATGCGTAGATATTAGGAGGAACACCAGTGGCGAAGGCGGCTCACTGGACTGTAACTGACACTGAGGCTCGAAAGCGTGGGGAGCAAACAGGATTAGATACCCTGGTA",1,1,0,0,"Bacteria","Firmicutes [Bacillota]","Clostridia","Eubacteriales","Lachnospiraceae","Lachnospira","Lachnospira eligens"
"2","ACGGAAGGCAGCAGTGGGGAATATTGCACAATGGAGGAAACTCTGATGCAGCGACGCCGCGTGAGTGAAGAAGTAATTCGTTATGTAAAGCTCTATCAGCAGGGAAGATAGTGACGGTACCTGACTAAGAAGCTCCGGCTAAATACGTGCCAGCAGCCGCGGTAATACGTATGGAGCAAGCGTTATCCGGATTTACTGGGTGTAAAGGGAGTGTAGGTGGCCATGCAAGTCAGAAGTGAAAATCCGGGGCTCAACCCCGGAACTGCTTTTGAAACTGTAAGGCTAGAGTGCAGGAGGGGTGAGTGGAATTCCTAGTGTAGCGGTGAAATGCGTAGATATTAGGAGGAACACCAGTGGCGAAGGCGGCTCACTGGACTGTAACTGACGCTGATGCTCGAAAGTGTGGGTATCAAACAGGATTAGATACCCTGGTA",1,1,0,0,"Bacteria","Firmicutes [Bacillota]","Clostridia","Eubacteriales","Lachnospiraceae","Lachnospira","Lachnospira eligens"
"3","ACGGAAGGCAGCAGTGGGGAATATTGCACAATGGAGGAAACTCTGATGCAGCGACGCCGCGTGAGTGAAGAAGTAATTCGTTATGTAAAGCTCTATCAGCAGGGAAGATAGTGACGGTACCTGACTAAGAAGCTCCGGCTAAATACGTGCCAGCAGCCGCGGTAATACGTATGGAGCAAGCGTTATCCGGATTTACTGGGTGTAAAGGGAGTGTAGGTGGCCATGCAAGTCAGAAGTGAAAATCCGGGGCTCAACCCCGGAACTGCTTTTGAAACTGTAAGGCTGGAGTGCAGGAGGGGTGAGTGGAATTCCTAGTGTAGCGGTGAAATGCGTAGATATTAGGAGGAACACCAGTGGCGAAGGCGGCTCACTGGACTGTAACTGACACTGAGGCTCGAAAGCGTGGGGAGCAAACAGGATTAGATACCCTGGTA",1,1,0,0,"Bacteria","Firmicutes [Bacillota]","Clostridia","Eubacteriales","Lachnospiraceae","Lachnospira","Lachnospira eligens"
"4","ACGGAAGGCAGCAGTGGGGAATATTGCACAATGGGCGAAAGCCTGATGCAGCGACGCCGCGTGAAGGATGAAGTATTTCGGTATGTAAACTTCTATCAGCAGGGAAGAAAATGACGGTACCTGACTAAGAAGCCCCGGCTAACTACGTGCCAGCAGCCGCGGTAATACGTAGGGGGCAAGCGTTATCCGGATTTACTGGGTGTAAAGGGAGCGTAGACGGCTGTGCAAGTCTGAAGTGAAAGGCATGGGCTCAACCTGTGGACTGCTTTGGAAACTGTGCAGCTAGAGTGTCGGAGAGGTAAGTGGAATTCCTAGTGTAGCGGTGAAATGCGTAGATATTAGGAGGAACACCAGTGGCGAAGGCGGCTTACTGGACGATGACTGACGTTGAGGCTCGAAAGCGTGGGGAGCAAACAGGATTAGATACCCTGGTA",0,1,0,1,"Bacteria","Firmicutes [Bacillota]","Clostridia","Eubacteriales","Lachnospiraceae","Dorea","Dorea formicigenerans"
"5","ACGGAAGGCAGCAGTGGGGAATATTGCACAATGGGGGAAACCCTGATGCAGCGACGCCGCGTGAAGGAAGAAGTATCTCGGTATGTAAACTTCTATCAGCAGGGAAGAAAATGACGGTACCTGACTAAGAAGCCCCGGCTAACTACGTGCCAGCAGCCGCGGTAATACGTAGGGGGCAAGCGTTATCCGGATTTACTGGGTGTAAAGGGAGCGTAGACGGAAGAGCAAGTCTGATGTGAAAGGCTGGGGCTTAACCCCAGGACTGCATTGGAAACTGTTTTTCTAGAGTGCCGGAGAGGTAAGCGGAATTCCTAGTGTAGCGGTGAAATGCGTAGATATTAGGAGGAACACCAGTGGCGAAGGCGGCTTACTGGACGGTAACTGACGTTGAGGCTCGAAAGCGTGGGGAGCAAACAGGATTAGATACCCTGGTA",0,0,1,1,"Bacteria","Firmicutes [Bacillota]","Clostridia","Eubacteriales","Lachnospiraceae","Blautia","Blautia hansenii"
"6","ACGGAAGGCAGCAGTGGGGAATATTGCACAATGGGGGAAACCCTGATGCAGCGACGCCGCGTGAAGGATGAAGTATTTCGGTATGTAAACTTCTATCAGCAGGGAAGAAAATGACGGTACCTGACTAAGAAGCCCCGGCTAACTACGTGCCAGCAGCCGCGGTAATACGTAGGGGGCAAGCGTTATCCGGATTTACTGGGTGTAAAGGGAGCGTAGACGGCATGGCAAGTCTGAAGTGAAAGCCCGGGGCTCAACCCCGGGACTGCTTTGGAAACTGTCAGGCTAGAGTGCTGGAGAGGTAAGTGGAATTCCTAGTGTAGCGGTGAAATGCGTAGATATTAGGAGGAACACCAGTGGCGAAGGCGGCTTACTGGACAGTGACTGACGTTGAGGCTCGAAAGCGTGGGGAGCAAACAGGATTAGATACCCTGGTA",0,0,1,1,"Bacteria","Firmicutes [Bacillota]","Clostridia","Eubacteriales","Lachnospiraceae","Lachnoclostridium","[Clostridium] hylemonae"
"7","ACGGAAGGCAGCAGTGGGGAATATTGGACAATGGGCGAAAGCCTGATCCAGCGACGCCGCGTGAGTGAAGAAGTATTTCGGTATGTAAAGCTCTATCAGCAGGGAAGAAAATGACGGTACCTGACTAAGAAGCCCCGGCTAACTACGTGCCAGCAGCCGCGGTAATACGTAGGGGGCAAGCGTTATCCGGATTTACTGGGTGTAAAGGGAGCGTAGACGGTTAAGCAAGTCTGAAGTGAAAGCCCGGGGCTCAACCCCGGTACTGCTTTGGAAACTGTTTGACTTGAGTGCAGGAGAGGTAAGTGGAATTCCTAGTGTAGCGGTGAAATGCGTAGATATTAGGAGGAACACCAGTGGCGAAGGCGGCTTACTGGACTGTAACTGACGTTGAGGCTCGAAAGCGTGGGGAGCAAACAGGATTAGATACCCTGGTA",1,1,0,0,"Bacteria","Firmicutes [Bacillota]","Clostridia","Eubacteriales","Clostridiaceae","Hungatella","Hungatella hathewayi"
"8","ACGGAAGGCAGCAGTGGGGGATATTGCACAATGGAGGAAACTCTGATGCAGCGACGCCGCGTGAGTGAAGAAGTATTTCGGTATGTAAAGCTCTATCAGCAGGGAAGAAAATGACGGTACCTGACTAAGAAGCCCCGGCTAACTACGTGCCAGCAGCCGCGGTAATACGTAGGGGGCAAGCGTTATCCGGATTTACTGGGTGTAAAGGGAGCGTAGACGGCGACGCAAGTCTGAAGTGAAATACCCGGGCTCAACCTGGGAACTGCTTTGGAAACTGTGTTGCTAGAGTGCTGGAGAGGTAAGCGGAATTCCTAGTGTAGCGGTGAAATGCGTAGATATTAGGAAGAACACCAGTGGCGAAGGCGGCTTACTGGACAGTAACTGACGTTGAGGCTCGAAAGCGTGGGGAGCAAACAGGATTAGATACCCTGGTA",1,0,1,1,"Bacteria","Firmicutes [Bacillota]","Clostridia","Eubacteriales","Lachnospiraceae","Enterocloster","Enterocloster bolteae"
"9","ACGGGAGGCAGCAGTGGGGAATATTGCACAATGGAGGAAACTCTGATGCAGCGACGCCGCGTGAGTGAAGAAGTAATTCGTTATGTAAAGCTCTATCAGCAGGGAAGATAGTGACGGTACCTGACTAAGAAGCTCCGGCTAAATACGTGCCAGCAGCCGCGGTAATACGTATGGAGCAAGCGTTATCCGGATTTACTGGGTGTAAAGGGAGTGTAGGTGGCCATGCAAGTCAGAAGTGAAAATCCGGGGCTCAACCCCGGAACTGCTTTTGAAACTGTAAGGCTAGAGTGCAGGAGGGGTGAGTGGAATTCCTAGTGTAGCGGTGAAATGCGTAGATATTAGGAGGAACACCAGTGGCGAAGGCGGCTCACTGGACTGTAACTGACGCTGATGCTCGAAAGTGTGGGTATCAAACAGGATTAGATACCCTGGTA",1,1,0,0,"Bacteria","Firmicutes [Bacillota]","Clostridia","Eubacteriales","Lachnospiraceae","Lachnospira","Lachnospira eligens"
"10","ACGGGAGGCAGCAGTGGGGAATATTGCACAATGGAGGAAACTCTGATGCAGCGACGCCGCGTGAGTGAAGAAGTAATTCGTTATGTAAAGCTCTATCAGCAGGGAAGATAGTGACGGTACCTGACTAAGAAGCTCCGGCTAAATACGTGCCAGCAGCCGCGGTAATACGTATGGAGCAAGCGTTATCCGGATTTACTGGGTGTAAAGGGAGTGTAGGTGGCCATGCAAGTCAGAAGTGAAAATCCGGGGCTCAACCCCGGAACTGCTTTTGAAACTGTAAGGCTGGAGTGCAGGAGGGGTGAGTGGAATTCCTAGTGTAGCGGTGAAATGCGTAGATATTAGGAGGAACACCAGTGGCGAAGGCGGCTCACTGGACTGTAACTGACACTGAGGCTCGAAAGCGTGGGGAGCAAACAGGATTAGATACCCTGGTA",1,1,0,0,"Bacteria","Firmicutes [Bacillota]","Clostridia","Eubacteriales","Lachnospiraceae","Lachnospira","Lachnospira eligens"
"11","ACGGGAGGCAGCAGTGGGGAATATTGCACAATGGGCGAAAGCCTGATGCAGCGACGCCGCGTGAGTGAAGAAGTATTTCGGTATGTAAAGCTCTATCAGCAGGGAAGAAAATGACGGTACCTGACTAAGAAGCCCCGGCTAACTACGTGCCAGCAGCCGCGGTAATACGTAGGGGGCAAGCGTTATCCGGATTTACTGGGTGTAAAGGGAGCGTAGACGGCGAAGCAAGTCTGAAGTGAAAACCCAGGGCTCAACCCTGGGACTGCTTTGGAAACTGTTTTGCTAGAGTGTCGGAGAGGTAAGTGGAATTCCTAGTGTAGCGGTGAAATGCGTAGATATTAGGAGGAACACCAGTGGCGAAGGCGGCTTACTGGACGATAACTGACGTTGAGGCTCGAAAGCGTGGGGAGCAAACAGGATTAGATACCCTGGTA",1,0,1,1,"Bacteria","Firmicutes [Bacillota]","Clostridia","Eubacteriales","Lachnospiraceae","Enterocloster","Enterocloster bolteae"
"12","ACGGGAGGCAGCAGTGGGGAATATTGCACAATGGGGGAAACCCTGATGCAGCAACGCCGCGTGAAGGAAGAAGGTTTTCGGATCGTAAACTTCTATCAACAGGGACGAAGAAAGTGACGGTACCTGAATAAGAAGCCCCGGCTAACTACGTGCCAGCAGCCGCGGTAATACGTAGGGGGCAAGCGTTATCCGGAATTACTGGGTGTAAAGGGAGCGTAGGCGGCACGCCAAGCCAGATGTGAAAGCCCGAGGCTTAACCTCGCGGATTGCATTTGGAACTGGCGAGCTAGAGTACAGGAGAGGAAAGCGGAATTCCTAGTGTAGCGGTGAAATGCGTAGATATTAGGAAGAACACCAGTGGCGAAGGCGGCTTTCTGGACTGAAACTGACGCTGAGGCTCGAAAGCGTGGGGAGCAAACAGGATTAGATACCCTGGTA",1,1,0,0,"Bacteria","Firmicutes [Bacillota]","Clostridia","Eubacteriales","Lachnospiraceae","Anaerotignum","Anaerotignum faecicola"
"13","ACGGGAGGCAGCAGTGGGGAATATTGCACAATGGGGGAAACCCTGATGCAGCAACGCCGCGTGAGTGAAGAAGTATTTCGGTATGTAAAGCTCTATCAGCAGGAAAGAAAATGACGGTACCTGACTAAGAAGCCCCGGCTAACTACGTGCCAGCAGCCGCGGTAATACGGAGGATCCGAGCGTTATCCGGATTTATTGGGTTTAAAGGGAGCGTAGGCGGACGCTTAAGTCAGTTGTGAAAGTTTGCGGCTCAACCGTAAAATTGCAGTTGATACTGGGTGTCTTGAGTACAGTAGAGGCAGGCGGAATTCGTGGTGTAGCGGTGAAATGCTTAGATATCACGAAGAACTCCGATTGCGAAGGCAGCTTGCTGGACTGTAACTGACGCTGATGCTCGAAAGTGTGGGTATCAAACAGGATTAGATACCCTGGTA",0,0,1,1,"Bacteria","Bacteroidota","Bacteroidia","Bacteroidales","Bacteroidaceae","Bacteroides","Bacteroides uniformis"
"14","ACGGGAGGCAGCAGTGGGGAATATTGCACAATGGGGGAAACCCTGATGCAGCAACGCCGCGTGAGTGAAGAAGTATTTCGGTATGTAAAGCTCTATCAGCAGGAAAGAAAATGACGGTACCTGACTAAGAAGCCCCGGCTAACTACGTGCCAGCAGCCGCGGTAATACGTAGGGGGCAAGCGTTATCCGGATTTATTGGGTTTAAAGGGAGCGTAGGCGGACGCTTAAGTCAGTTGTGAAAGTTTGCGGCTCAACCGTAAAATTGCAGTTGATACTGGGTGTCTTGAGTACAGTAGAGGCAGGCGGAATTCGTGGTGTAGCGGTGAAATGCTTAGATATCACGAAGAACTCCGATTGCGAAGGCAGCTTGCTGGACTGTAACTGACGCTGATGCTCGAAAGTGTGGGTATCAAACAGGATTAGATACCCTGGTA",0,0,1,1,"Bacteria","Bacteroidota","Bacteroidia","Bacteroidales","Bacteroidaceae","Bacteroides","Bacteroides uniformis"
"15","ACGGGAGGCAGCAGTGGGGAATATTGCACAATGGGGGAAACCCTGATGCAGCAACGCCGCGTGAGTGAAGAAGTATTTCGGTATGTAAAGCTCTATCAGCAGGAAAGAAAATGACGGTACCTGACTAAGAAGCCCCGGCTAACTACGTGCCAGCAGCCGCGGTAATACGTAGGTGGCAAGCGTTGTCCGGAATTATTGGGCGTAAAGCGCGCGCAGGCGGCTTCCCAAGTCCCTCTTAAAAGTGCGGGGCTTAACCCCGTGATGGGAAGGAAACTGGGAAGCTGGAGTATCGGAGAGGAAAGTGGAATTCCTAGTGTAGCGGTGAAATGCGTAGAGATTAGGAAGAACACCGGTGGCGAAGGCGACTTTCTGGACGAAAACTGACGCTGAGGCGCGAAAGCGTGGGGAGCAAACAGGATTAGATACCCTGGTA",0,0,1,1,"Bacteria","Firmicutes [Bacillota]","Negativicutes","Veillonellales","Veillonellaceae","Dialister","Dialister invisus"
"16","ACGGGAGGCAGCAGTGGGGAATATTGCACAATGGGGGAAACCCTGATGCAGCGACGCCGCGTGAAGGAAGAAGTATCTCGGTATGTAAACTTCTATCAGCAGGGAAGAAAATGACGGTACCTGACTAAGAAGCCCCGGCTAACTACGTGCCAGCAGCCGCGGTAATACGTAGGGGGCAAGCGTTATCCGGATTTACTGGGTGTAAAGGGAGCGTAGACGGAAGAGCAAGTCTGATGTGAAAGGCTGGGGCTTAACCCCAGGACTGCATTGGAAACTGTTTTTCTAGAGTGCCGGAGAGGTAAGCGGAATTCCTAGTGTAGCGGTGAAATGCGTAGATATTAGGAGGAACACCAGTGGCGAAGGCGGCTTACTGGACGGTAACTGACGTTGAGGCTCGAAAGCGTGGGGAGCAAACAGGATTAGATACCCTGGTA",0,0,1,1,"Bacteria","Firmicutes [Bacillota]","Clostridia","Eubacteriales","Lachnospiraceae","Blautia","Blautia hansenii"
"17","ACGGGAGGCAGCAGTGGGGAATATTGCACAATGGGGGAAACCCTGATGCAGCGACGCCGCGTGAAGGAAGAAGTATCTCGGTATGTAAACTTCTATCAGCAGGGAAGAAAATGACGGTACCTGACTAAGAAGCCCCGGCTAACTACGTGCCAGCAGCCGCGGTAATACGTAGGGGGCAAGCGTTATCCGGATTTACTGGGTGTAAAGGGAGCGTAGACGGCATAACAAGTCTGATGTGAAAGGCTGGGGCTTAACCCCGGGACTGCATTGGAAACTGTTAAGCTTGAGTGCCGGAGGGGTAAGCGGAATTCCTAGTGTAGCGGTGAAATGCGTAGATATTAGGAGGAACACCAGTGGCGAAGGCGGCTTACTGGACGGTAACTGACGTTGAGGCTCGAAAGCGTGGGGAGCAAACAGGATTAGATACCCTGGTA",1,1,0,0,"Bacteria","Firmicutes [Bacillota]","Clostridia","Eubacteriales","Lachnospiraceae","Blautia","Blautia schinkii"
"18","ACGGGAGGCAGCAGTGGGGAATATTGCACAATGGGGGAAACCCTGATGCAGCGACGCCGCGTGAAGGAAGAAGTATCTCGGTATGTAAACTTCTATCAGCAGGGAAGATAGTGACGGTACCTGACTAAGAAGCCCCGGCTAACTACGTGCCAGCAGCCGCGGTAATACGTAGGGGGCAAGCGTTATCCGGATTTACTGGGTGTAAAGGGAGCGTAGACGGATTAGCAAGTCTGATGTGAAAGGCAGGGGCTCAACCCCTGGACTGCATTGGAAACTGCCAGTCTTGAGTGCCGGAGAGGTAAGCGGAATTCCTAGTGTAGCGGTGAAATGCGTAGATATTAGGAGGAACACCAGTGGCGAAGGCGGCTTACTGGACGGCAACTGACGTTGAGGCTCGAAAGCGTGGGGAGCAAACAGGATTAGATACCCTGGTA",0,1,1,1,"Bacteria","Firmicutes [Bacillota]","Clostridia","Eubacteriales","Lachnospiraceae","Blautia","Blautia obeum"
"19","ACGGGAGGCAGCAGTGGGGAATATTGCACAATGGGGGAAACCCTGATGCAGCGACGCCGCGTGAGCGAAGAAGTATTTCGGTATGTAAAGCTCTATCAGCAGGGAAGAAAATGACGGTACCTGACTAAGAAGCACCGGCTAAATACGTGCCAGCAGCCGCGGTAATACGTATGGTGCAAGCGTTATCCGGATTTACTGGGTGTAAAGGGAGCGTAGACGGATGGGCAAGTCTGATGTGAAAACCCGGGGCTCAACCCCGGGACTGCATTGGAAACTGTTCATCTAGAGTGCTGGAGAGGTAAGTGGAATTCCTAGTGTAGCGGTGAAATGCGTAGATATTAGGAGGAACACCAGTGGCGAAGGCGGCTTACTGGACAGTAACTGACGTTGAGGCTCGAAAGCGTGGGGAGCAAACAGGATTAGATACCCTGGTA",1,1,0,0,"Bacteria","Firmicutes [Bacillota]","Clostridia","Eubacteriales","Lachnospiraceae","Mediterraneibacter","[Ruminococcus] torques"
"20","ACGGGAGGCAGCAGTGGGGAATATTGCACAATGGGGGAAACCCTGATGCAGCGACGCCGCGTGAGTGAAGAAGTATTTCGGTATGTAAAGCTCTATCAGCAGGGAAGAAAATGACGGTACCTGACTAAGAAGCCCCGGCTAACTACGTGCCAGCAGCCGCGGTAATACGTAGGGGGCAAGCGTTATCCGGATTTACTGGGTGTAAAGGGAGCGTAGACGGCATGACAAGCCAGATGTGAAAACCCAGGGCTCAACCCTGGGACTGCATTTGGAACTGCCAGGCTGGAGTGCAGGAGAGGTAAGCGGAATTCCTAGTGTAGCGGTGAAATGCGTAGATATTAGGAGGAACACCAGTGGCGAAGGCGGCTTACTGGACTGTAACTGACGTTGAGGCTCGAAAGCGTGGGGAGCAAACAGGATTAGATACCCTGGTA",0,0,1,1,"Bacteria","Firmicutes [Bacillota]","Clostridia","Eubacteriales","Lachnospiraceae","Eisenbergiella","Eisenbergiella massiliensis"
"21","ACGGGAGGCAGCAGTGGGGAATATTGCACAATGGGGGAAACCCTGATGCAGCGACGCCGCGTGAGTGAAGAAGTATTTCGGTATGTAAAGCTCTATCAGCAGGGAAGAAAATGACGGTACCTGACTAAGAAGCCCCGGCTAACTACGTGCCAGCAGCCGCGGTAATACGTAGGGGGCAAGCGTTATCCGGATTTACTGGGTGTAAAGGGAGCGTAGACGGTAAAGCAAGTCTGAAGTGAAAGCCCGGGGCTCAACCCCGGAATGGCTTTGGAAACTGTGCAGCTAGAGTACCGGAGGGGTAAGCGGAATTCCTAGTGTAGCGGTGAAATGCGTAGATATTAGGAGGAACACCAGTGGCGAAGGCGGCTTACTGGACGGTAACTGACGTTGAGGCTCGAAAGCGTGGGGAGCAAACAGGATTAGATACCCTGGTA",1,1,0,0,"Bacteria","Firmicutes [Bacillota]","Clostridia","Eubacteriales","Lachnospiraceae","Novisyntrophococcus","Novisyntrophococcus fermenticellae"
"22","ACGGGAGGCAGCAGTGGGGAATATTGCACAATGGGGGAAACCCTGATGCAGCGACGCCGCGTGGAGGAAGAAGGTCTTCGGATTGTAAACTCCTGTCCCAGGGGACGATAATGACGGTACCCTGGGAGGAAGCACCGGCTAACTACGTGCCAGCAGCCGCGGTAAAACGTAGGGTGCAAGCGTTGTCCGGAATTACTGGGTGTAAAGGGAGCGCAGGCGGATTGGCAAGTTGGGAGTGAAATCTATGGGCTCAACCCATAAATTGCTTTCAAAACTGTCAGTCTTGAGTGGTGTAGAGGTAGGCGGAATTCCCGGTGTAGCGGTGGAATGCGTAGATATCGGGAGGAACACCAGTGGCGAAGGCGGCCTACTGGGCACTAACTGACGCTGAGGCTCGAAAGCATGGGTAGCAAACAGGATTAGATACCCTGGTA",1,1,0,0,"Bacteria","Firmicutes [Bacillota]","Clostridia","Eubacteriales","Oscillospiraceae","Ruthenibacterium","Ruthenibacterium lactatiformans"
"23","ACGGGAGGCAGCAGTGGGGAATATTGCACAATGGGGGAAACCCTGATGCAGCGACGCCGCGTGGAGGAAGAAGGTCTTCGGATTGTAAACTCCTGTTGTTGAGGAAGATAATGACGGTACTCAACAAGGAAGTGACGGCTAACTACGTGCCAGCAGCCGCGGTAATACGTAGGTGGCAAGCGTTGTCCGGAATTATTGGGCGTAAAGCGCGCGCAGGCGGCTTCCCAAGTCCCTCTTAAAAGTGCGGGGCTTAACCCCGTGATGGGAAGGAAACTGGGAAGCTGGAGTATCGGAGAGGAAAGTGGAATTCCTAGTGTAGCGGTGAAATGCGTAGAGATTAGGAAGAACACCGGTGGCGAAGGCGACTTTCTGGACGAAAACTGACGCTGAGGCGCGAAAGCGTGGGGAGCAAACAGGATTAGATACCCTGGTA",1,1,1,0,"Bacteria","Firmicutes [Bacillota]","Negativicutes","Veillonellales","Veillonellaceae","Dialister","Dialister invisus"
"24","ACGGGAGGCAGCAGTGGGGAATATTGGACAATGGGCGAAAGCCTGATCCAGCGACGCCGCGTGAGTGAAGAAGTATTTCGGTATGTAAAGCTCTATCAGCAGGGAAGAAAATGACGGTACCTGACTAAGAAGCCCCGGCTAACTACGTGCCAGCAGCCGCGGTAATACGTAGGGGGCAAGCGTTATCCGGATTTACTGGGTGTAAAGGGAGCGTAGACGGTTAAGCAAGTCTGAAGTGAAAGCCCGGGGCTCAACCCCGGTACTGCTTTGGAAACTGTTTGACTTGAGTGCAGGAGAGGTAAGTGGAATTCCTAGTGTAGCGGTGAAATGCGTAGATATTAGGAGGAACACCAGTGGCGAAGGCGGCTTACTGGACTGTAACTGACGTTGAGGCTCGAAAGCGTGGGGAGCAAACAGGATTAGATACCCTGGTA",1,0,0,1,"Bacteria","Firmicutes [Bacillota]","Clostridia","Eubacteriales","Clostridiaceae","Hungatella","Hungatella hathewayi"
"25","ACGGGAGGCAGCAGTGGGGGATATTGCGCAATGGGGGAAACCCTGACGCAGCAACGCCGCGTGAAGGAAGAAGGCCTTCGGGTTGTAAACTTCTTTAAGTGTGGAAGATAATGACGGTACACACAGAATAAGCCACGGCTAACTACGTGCCAGCAGCCGCGGTAATACGTAGGTGGCAAGCGTTGTCCGGATTTACTGGGTGTAAAGGGCGTGTAGGCGGGTAGACAAGTCAGATGTGAAATACCGGGGCTCAACTCCGGGGCTGCATTTGAAACTGTATATCTTGAGTGTCGGAGAGGAAAGCGGAATTCCTAGTGTAGCGGTGAAATGCGTAGATATTAGGAGGAACACCAGTGGCGAAGGCGGCTTTCTGGACGATAACTGACGCTGAGGCGCGAAAGCGTGGGGAGCAAACAGGATTAGATACCCTGGTA",0,0,1,1,"Bacteria","Firmicutes [Bacillota]","Clostridia","Eubacteriales","Oscillospiraceae","Monoglobus","Monoglobus pectinilyticus"
